match,group,is_participating,start,end,content
1,0,yes,93731,93799,/ipfs/QmQdyNZUmv3xLdAFz2FkvaqK2UrUXfrt19dcRRREJA6rXR?filename=10.jpg
2,0,yes,94240,94309,/ipfs/QmSSwgA4ShPg1o9NE2MBEmXYzaXDJXdzHi8brFRedy8a6e?filename=100.jpg
3,0,yes,94750,94819,/ipfs/Qmf9Q3mytQUHLtsuLdKGLg8qx7gVd4N3sQP6kBceV3mp88?filename=101.jpg
4,0,yes,95260,95329,/ipfs/QmRdhK7aTTsrmYbooaSVhjJHyEbvDk6qNUNrnFESuop61v?filename=102.jpg
5,0,yes,95770,95839,/ipfs/QmRUeLzfZ6Dhdx8ikUZoXoGn1ayFki1Qwc5FmjXjihg4DW?filename=103.jpg
6,0,yes,96280,96349,/ipfs/QmXdwubmk7fLHcc81skNyV4pA2JXC6DoMLxuyH5baiBSSD?filename=104.jpg
7,0,yes,96790,96859,/ipfs/QmXz2fLLLzYveyTrCgDFBC6mHTk29jZg26LVgYdPqftenC?filename=105.jpg
8,0,yes,97300,97369,/ipfs/QmdtQVVK5JJ89MSSMosedfpo9osgycB4UhEuUQC8xd55WV?filename=106.jpg
9,0,yes,97810,97879,/ipfs/QmQVhTmZPZ1KqGvzpLyW6KXyCKycnQgHTDuX95EBEzZ4kr?filename=107.jpg
10,0,yes,98320,98389,/ipfs/QmWJqyBj63fsjZRMZZNUfZ2CCNkh18E7YqFw5jQH35Pz3q?filename=108.jpg
11,0,yes,98830,98899,/ipfs/QmXPPSvYgngGcJxKU1HkYziCwzJ8QJi5ds6yg692v3F8GX?filename=109.jpg
12,0,yes,99338,99406,/ipfs/QmdXfokGEo9n26ys9kE433ZNkfh5KAcBWB7pbL7HAxNuhD?filename=11.jpg
13,0,yes,99847,99916,/ipfs/QmWQFKoPEWY8EpthYww2VMR1J2a8jT75kAGQ4fTP2vL5NZ?filename=110.jpg
14,0,yes,100357,100426,/ipfs/QmQrPPreBkf5pDmL9amMZ7FFXpwSuEpKkGGbaki2W1BAym?filename=111.jpg
15,0,yes,100867,100936,/ipfs/QmRSadEpNFqWTznNiNvWpUY2eVU4whpqoDb88zNa1XUaZ5?filename=112.jpg
16,0,yes,101377,101446,/ipfs/QmUFAbFuZiKYCRmu1omf59GgXgrowHyXN2REt2zivaFTBd?filename=113.jpg
17,0,yes,101887,101956,/ipfs/QmSge3S4ajdWPy2rSZoQmjSdthzKQY2dEGj7Bu91y9oa9x?filename=114.jpg
18,0,yes,102397,102466,/ipfs/QmNjuAGQzR839KDqaj1G73x2zjHX6pzX5yiYPGdcbnv39S?filename=115.jpg
19,0,yes,102907,102976,/ipfs/QmP3smDYPxHJap4i135KNYHhNyP4Zgwq42UGZZZKWby5zn?filename=116.jpg
20,0,yes,103417,103486,/ipfs/QmYv1NdhXBrjQoJ3vmkPeEAn1TmbEm2DKVtXHDz78hLufs?filename=117.jpg
21,0,yes,103927,103996,/ipfs/QmZDaWhcqHjurNJbu4pxtV9wNUg5CQq1roNkZgXGP3UhGk?filename=118.jpg
22,0,yes,104437,104506,/ipfs/QmNVwXCpnhSysCzewf6dEwSVk4m7m4XW3PTxYfNqU4u24z?filename=119.jpg
23,0,yes,104945,105013,/ipfs/QmSNm54cfhfWkK6F5Mb3ptPW5KBmni8Qc6J6DFbawQH889?filename=12.jpg
24,0,yes,105454,105523,/ipfs/QmWbBxf3JMzBNSCbAdwAtpBfc7GSgYhLctPDSyaJoqgYbj?filename=120.jpg
25,0,yes,105964,106033,/ipfs/QmWytWF5Ccex9WUMPKw848qnNjCWpNNLe5BiksHscBZzsZ?filename=121.jpg
26,0,yes,106474,106543,/ipfs/QmYSdjBhxXv4tx69KU5KCCk2hRzBo3DJyw8SANEWLoHimg?filename=122.jpg
27,0,yes,106984,107053,/ipfs/QmbxnvijuE7MbFGi4bJZULDdCgM6o2yUzWhrWwsta76E6N?filename=123.jpg
28,0,yes,107494,107563,/ipfs/QmTNVE8v5vJLAR6DAVkLUPPvP9iRL7utWT4pSpCWKqkvsN?filename=124.jpg
29,0,yes,108004,108073,/ipfs/QmXp2n2qCPT6fUwBQ4vsM41qgayUnHb2oqSLr1BL5Bfvvn?filename=125.jpg
30,0,yes,108514,108583,/ipfs/QmeK7ZMZpfXeDw3inmzYiH2rGLTAtp7wGttsBMZxdDRB8F?filename=126.jpg
31,0,yes,109024,109093,/ipfs/QmR6XXavUiUVA4d3Y7mJq9o67Jcdf2QbDXYRER9j8qMiMF?filename=127.jpg
32,0,yes,109534,109603,/ipfs/QmRXBfkvJbUFyqQkkbNQBwkdDzvM9BHL9XZH6XHtTz6Aon?filename=128.jpg
33,0,yes,110044,110113,/ipfs/QmNePtyd9ezsFFwcUAJiD85WB8UnXXVgMBQCbmnB5nRgd6?filename=129.jpg
34,0,yes,110552,110620,/ipfs/QmNzF2tsHDoXYJp1RNgypA18vdFLQ7GLdghfVfRNkLULYh?filename=13.jpg
35,0,yes,111061,111130,/ipfs/QmR6xPA2G7SSaKSXHNUbdEKicfyhE5q7tLnJ2T3CUMj4nM?filename=130.jpg
36,0,yes,111571,111640,/ipfs/QmQGFCaaxQavHNBZzZEhn9goBdiK6bzskyy9djrCdTMQwD?filename=131.jpg
37,0,yes,112081,112150,/ipfs/QmXAZaZbestNpWezePwTqhLpU7NzyFLuaoNM6jcaHzAicu?filename=132.jpg
38,0,yes,112591,112660,/ipfs/QmP2AN29ndm2viKJQPUDAenmS5asjNTGPTf4WyUsKFs3NM?filename=133.jpg
39,0,yes,113101,113170,/ipfs/QmNLf88zFi1x1KFuzLtoqaFAwdbh5kEkDEgbg4D6Y2E6y7?filename=134.jpg
40,0,yes,113611,113680,/ipfs/QmQ8JFj8foDErrNAkguTb9gDt3xjWYrj7zieHoPTen1PeC?filename=135.jpg
41,0,yes,114121,114190,/ipfs/QmPvkbvK6zKfvcFAg9omE2rKX4AqSVD4nkARdR8cXkhp5j?filename=136.jpg
42,0,yes,114631,114700,/ipfs/QmRs2x7ghmT6RCsPKcXwFYUMAaM2Gigx3a8uTQw49fPBK3?filename=137.jpg
43,0,yes,115141,115210,/ipfs/QmSLc8K563TgrF5A2Y3VwLj5oJomKAW6GHxyX5oyBkuya5?filename=138.jpg
44,0,yes,115651,115720,/ipfs/QmaDJgp6aF4wQfocgucRzEdH9XUWcDnAu2VGQPJWzVhAnM?filename=139.jpg
45,0,yes,116159,116227,/ipfs/QmRrVAJ8YAqG421r82zNzdsQuQYRNqPeTKAj2pkheQV2v6?filename=14.jpg
46,0,yes,116668,116737,/ipfs/QmXRWuKGA1wgHgemLizXLmWwLuU1YubpemNPvGCH4roF4E?filename=140.jpg
47,0,yes,117178,117247,/ipfs/QmWRX4nzMq2pvWpyWRTMNHEjkSy1JZYpBH4R7FXwcwxzfq?filename=141.jpg
48,0,yes,117686,117754,/ipfs/QmciTXjEzigTikazU3XZrQ6dQerbzP2GLSRuRrcL7SwSGA?filename=15.jpg
49,0,yes,118193,118261,/ipfs/QmWNgosjhSfcP3M6PfmnfXX5fzDqK8bN9RDTDc3hncebYK?filename=16.jpg
50,0,yes,118700,118768,/ipfs/QmNfx5oKhosdR3S4ZzDHnUyMCMHwGuLrnXqAaxw6DGSjsE?filename=17.jpg
51,0,yes,119207,119275,/ipfs/QmXdMvhahYmqmfHHUmNsCyNG1v86jDf3jyQZMy4vfS4AXR?filename=18.jpg
52,0,yes,119714,119782,/ipfs/QmNTt64Xk54SHETBQRp3KCd3pXMH9erv4ky3EQbHhj5oMW?filename=19.jpg
53,0,yes,120221,120289,/ipfs/QmU8y6F828scRRD1tCaTRK8iX2DFxATUt5629b3YJb19uc?filename=20.jpg
54,0,yes,120728,120796,/ipfs/Qmd8Gas5LmtXrh9CqG9yf5rwPKag4wQMemzvRbBzzg5kot?filename=21.jpg
55,0,yes,121235,121303,/ipfs/QmXLxqMKHkLKeggULjHm8PwnREFonBwXGzb5iMiVaM1Hbz?filename=22.jpg
56,0,yes,121742,121810,/ipfs/QmbkJd4XaaDa9GaLqkshzQ2C5PpnJm6UHJPcxCXH95Pw3p?filename=23.jpg
57,0,yes,122249,122317,/ipfs/QmTDQU6gBaZcAAkuTpt4GxKfBs8hcizTbCQYX6CuyaDVs9?filename=24.jpg
58,0,yes,122756,122824,/ipfs/QmNfpxdKpc7B3K5tYWXJF96mbUF3ghjBFctQcoXE6HzkoA?filename=25.jpg
59,0,yes,123263,123331,/ipfs/QmaiHi1MTm5RRZGs1Zx23rBWbr3ycUkivuEbY2g9xhExTT?filename=26.jpg
60,0,yes,123770,123838,/ipfs/QmVWF3G73T2Z8kdpfNqLBYgNTcEk11bZaKb69JmZu2hcyv?filename=27.jpg
61,0,yes,124277,124345,/ipfs/QmdwxSTo1gefAwP2QZVK8mY7aXQyjCYzxA4SFVHJnvYVYu?filename=28.jpg
62,0,yes,124784,124852,/ipfs/QmR9Q1ecPNovctY7bFTZHMjkzW6P6GeMc95ATpX82VjJK3?filename=29.jpg
63,0,yes,125291,125359,/ipfs/QmY3XCDuzQV6Dqqnp5y7Bro7jf2BPBBiaEWzyrWLzM2EFk?filename=30.jpg
64,0,yes,125798,125866,/ipfs/QmV6FUqX7QctxxsRjef8FzdAbByPjEvvBShWTpnvhYT1HD?filename=31.jpg
65,0,yes,126305,126373,/ipfs/QmaTCmfbd5Wz2hz97VqwB6qcsAutLJgoHUtAuLW94cAPCu?filename=32.jpg
66,0,yes,126812,126880,/ipfs/QmUt5bdUxJ82vEHT2JvaSz4Y8fjBTSfyG5oZoU8HuL8Jgg?filename=33.jpg
67,0,yes,127319,127387,/ipfs/QmVzpHShQo9YQz11nxAKSTrXDtm8z61dPeLV4U43vNKGbZ?filename=34.jpg
68,0,yes,127826,127894,/ipfs/QmRRYB2uAta3XSJ4d8wrnGmBFvUTn6FxMB3Q7M8wHd58dY?filename=35.jpg
69,0,yes,128333,128401,/ipfs/QmZxe1G4ujyWzoCbWJPiSQ1kqh2GeafgZt4CoGFS9WfRk3?filename=36.jpg
70,0,yes,128840,128908,/ipfs/Qmer2Rkvg4yF1Qa5YuoALgkfp7mBjMj44CGyefHYhMH4op?filename=37.jpg
71,0,yes,129347,129415,/ipfs/QmZkZbzUQCVgHZ1k6zPc8SqBgmJBVvTkgeusU2XdJZAXQ4?filename=38.jpg
72,0,yes,129854,129922,/ipfs/QmPzgKeEW7f2pUViC8RswnLrh8ExAGCGde5vynkydGy23m?filename=39.jpg
73,0,yes,130361,130429,/ipfs/QmPPZYX4owaody598B9gqk1EbDsgUXBgAe8YVZWwLZJd76?filename=40.jpg
74,0,yes,130868,130936,/ipfs/QmNdYQiWoiDnzWZw7Xd942NLW3fZn6wnmEDuvJQdAchr2x?filename=41.jpg
75,0,yes,131375,131443,/ipfs/QmRxuRm54ugrYcdaC3Y2GZqYCSNRrWPTgc1GPTN3VdwBJn?filename=42.jpg
76,0,yes,131882,131950,/ipfs/QmbkeY1xtEBt6yUankRfvXaEYdpkZGeWnUJ2H39VFw9Q2g?filename=43.jpg
77,0,yes,132389,132457,/ipfs/QmVu1LZMxPyMqhPyR4rGdL37zAdu2bQxaLKHR4QB5YRXgU?filename=44.jpg
78,0,yes,132896,132964,/ipfs/QmbK7ixf5taWFV5PGazpAieRMk1zk2SdpSeu87W5issTfk?filename=45.jpg
79,0,yes,133403,133471,/ipfs/QmWr7QWJtrygJSPkRR9ZtXmJcJWoiRoCxHZt5KQuxifUoN?filename=46.jpg
80,0,yes,133910,133978,/ipfs/QmUmHNG7eRwzzcMZBVoEA4MEXVndkibNx7v8rJmcsGUHUX?filename=47.jpg
81,0,yes,134417,134485,/ipfs/QmRNFF8r6z9iwxrdKQLQTp5yVnNetADZUFb9XdtntHssos?filename=48.jpg
82,0,yes,134924,134992,/ipfs/QmY1pWt9WuxCG1Pq3yV3Ef6TNCG8BcGkyxbuDsKWPxzXA7?filename=49.jpg
83,0,yes,135431,135499,/ipfs/QmZNKXygt2W8ob4uimkzdFwFbLjpA9WgZ4ohGR25WpGoET?filename=50.jpg
84,0,yes,135938,136006,/ipfs/QmbdSch8TXHLTnkYk463TM7FviHBPJ88mfJYFS4MDsBEsL?filename=51.jpg
85,0,yes,136445,136513,/ipfs/QmQzPXwcEvTNJUSxExS71vJ9JrPZDWgJo5gaxnV8XarJiM?filename=52.jpg
86,0,yes,136952,137020,/ipfs/QmVrAgHSh8fs7CvEW59g7zHFbGPxS8WvMcm7smveEAHaqw?filename=53.jpg
87,0,yes,137459,137527,/ipfs/QmSrGXyiuYT9QwG5TSDRdcpjrehP8LeAi14yufg2Q9M3FN?filename=54.jpg
88,0,yes,137966,138034,/ipfs/QmbuKHNa6jFETnVrrF9BRrndFekhHpiWXBJrPsXFRGYxzA?filename=55.jpg
89,0,yes,138473,138541,/ipfs/QmWWL5BMk5z1i2FkE3xuT89ZaRWixVmB94sUsdYorCc7T3?filename=56.jpg
90,0,yes,138980,139048,/ipfs/QmXTDEurbDFEwuA2FpPMxKvsLDdARj1Y2dMh4CyZQQrvP6?filename=57.jpg
91,0,yes,139487,139555,/ipfs/QmTJ9A2Hhi7qhU6rzCh4ZyogF78sXqFhaG1YwRn2DD5VrT?filename=58.jpg
92,0,yes,139994,140062,/ipfs/QmNNesi4TSvD66tCst5ukLkUyREN13VcNXa4VFrVxqFanx?filename=59.jpg
93,0,yes,140501,140569,/ipfs/QmRVM74JdosbTQSgGuux3xAkuKRQd2YtV5fRPityztzUYv?filename=60.jpg
94,0,yes,141008,141076,/ipfs/QmQ7NAwHofKzSFLGahhC5cDn51ZsZUtSJ1MTcxpnyhYRL5?filename=61.jpg
95,0,yes,141515,141583,/ipfs/QmUPfVqG8N3FKFCyoQJUUfRpz9x9oEqZRpY9FKUoiDWxjh?filename=62.jpg
96,0,yes,142022,142090,/ipfs/QmTioUqpznfqpcR4g7EJyNAmAMJ8WDrznpd2PHbbVXMqVN?filename=63.jpg
97,0,yes,142529,142597,/ipfs/QmZfnaYYTM2LPCJzNJR8172dobGtsVz2tjRhwyLuHvZQzJ?filename=64.jpg
98,0,yes,143036,143104,/ipfs/QmSa2mbyJSPr4sAvpCG26Wv7ZrtdU9H9sw3YrAhvTb6fET?filename=65.jpg
99,0,yes,143543,143611,/ipfs/QmQzQkYf9bMwMqU3tDiSdppkgVnemmtJpv6y51o8rNmxBo?filename=66.jpg
100,0,yes,144050,144118,/ipfs/QmcwgKg2awjcmLA5odvjEWLAPjjXDrze2pT7pBfJB98cD8?filename=67.jpg
101,0,yes,144557,144625,/ipfs/QmT5ADLrzNx8XMuikYcyWWfYaLDuZXWxruHa9bsxbJg57S?filename=68.jpg
102,0,yes,145064,145132,/ipfs/QmV56DJw7pQRZRMo2Umyws4sKS4wxKkN6by8NySpYuE11h?filename=69.jpg
103,0,yes,145569,145636,/ipfs/QmXh91CnfaMJeKJ93wx5JWr3p4jzMg4WPAevSQvgr6PCnh?filename=7.jpg
104,0,yes,146075,146143,/ipfs/QmZZyQiQorztV34q8mZMm4u1vKGJaayQUv5taFizTpG6v2?filename=70.jpg
105,0,yes,146582,146650,/ipfs/QmZ7waGMnp7REJhqZtVFJUGoZfaZmafZBqEebwC5wK2SH3?filename=71.jpg
106,0,yes,147089,147157,/ipfs/QmQegFMow98ahW9QKRvNbWZ5LQj3Yxu6W5MEjfFT6yYuv2?filename=72.jpg
107,0,yes,147596,147664,/ipfs/QmefacNYjT44ohyLk557Hdj4Knj5WrxinDZoux6etjG6vS?filename=73.jpg
108,0,yes,148103,148171,/ipfs/QmcKBFt6pf15brLvmH5qtTpdQZFRzozVxh6fTZPz2nthsG?filename=74.jpg
109,0,yes,148610,148678,/ipfs/QmdUHFGe8YjYH6SAsPpeWH2vB8TfKb3V5jgFzxYTVQJYCx?filename=75.jpg
110,0,yes,149117,149185,/ipfs/QmTbHv1SvLNiPvMNqLU92xVuxZZc8YFRyWjNmrF42tnTjR?filename=76.jpg
111,0,yes,149624,149692,/ipfs/QmVCDoojexBqjCow7y1Fqy89XgZ9hXn81ygiStzKKwqupa?filename=77.jpg
112,0,yes,150131,150199,/ipfs/QmVwqjjgZWWBWnRPdq9KY4S2TQPdrtyLLMBCJ1NgxmEXC6?filename=78.jpg
113,0,yes,150638,150706,/ipfs/QmU37LJUYBKYrMKfsYPE6qyDFqTcpXRmFP9pMeYM1BwEPP?filename=79.jpg
114,0,yes,151143,151210,/ipfs/QmTE9zGQC3guWAvMqibCp9zn4iNRV4MCWpe9VjZPBnewra?filename=8.jpg
115,0,yes,151649,151717,/ipfs/QmSKDWTMETWb6rWvrD8bxQEMSSAc9rps7ECSmxdsPuACbB?filename=80.jpg
116,0,yes,152156,152224,/ipfs/QmXMA1DsfEpaSm6QnX7DCqr7ENp5VuL4isHjtZhC7ae1kX?filename=81.jpg
117,0,yes,152663,152731,/ipfs/QmXt1CRvBZgoWHrL185jJCMykRsg3BsLNoh8nMBRds9K1X?filename=82.jpg
118,0,yes,153170,153238,/ipfs/Qmbzg8isphyEYvzGBAmszKaqQqwfVThTVQsC364ghp36FD?filename=83.jpg
119,0,yes,153677,153745,/ipfs/QmTHBgTrkMY2VF6S7Vez12rAYvRxFr7w2aS73xJAK1gDBw?filename=84.jpg
120,0,yes,154184,154252,/ipfs/QmaQY1Fqwy2AXpXTXzrhfftEsPiEcvVT2W1u6fcnePqEWj?filename=85.jpg
121,0,yes,154691,154759,/ipfs/QmYhf522mpCXMxC5qkGy4W5WixTyqFRqkdebeHy4c9DhTk?filename=86.jpg
122,0,yes,155198,155266,/ipfs/QmQsKFw8b71NDmV56VRm5ruj2m4u7Uw2Hqp5k28TEoJLxg?filename=87.jpg
123,0,yes,155705,155773,/ipfs/QmP7wKHdkeZztivYLESkE8AeWAPsW9T6AzCgKSUshZUnxi?filename=88.jpg
124,0,yes,156212,156280,/ipfs/QmZTQAD2p85SRNrd8Zx9gYy9YDRrXMoXi5bPTMNK4zKdLk?filename=89.jpg
125,0,yes,156717,156784,/ipfs/QmSXVURQ4tdEFkLpUcxKH42MiFvkNtfgnvxrMQ2tbwCNR9?filename=9.jpg
126,0,yes,157223,157291,/ipfs/QmRZzXknMBLCbBysThHCEbWsFEcw41VsVKiHNuRLGQ5uaD?filename=90.jpg
127,0,yes,157730,157798,/ipfs/QmS4XYxwyVUnu1cNPL4pv2xGWdcCDt2mg6hcjKxGXbesKc?filename=91.jpg
128,0,yes,158237,158305,/ipfs/QmXKeRkfN9A72upgZfgJVxHQDx2Wa9TjHx1p2L8hEhm9Cz?filename=92.jpg
129,0,yes,158744,158812,/ipfs/QmUCjz7oe7QcwCh7S3XP5tMcmKKACjPECVH28LWjeDzC1r?filename=93.jpg
130,0,yes,159251,159319,/ipfs/QmUUa8zHdjY8w2wQBoQKP57vHaRS3EUhDdXUfrnpNj7C6B?filename=94.jpg
131,0,yes,159758,159826,/ipfs/QmPhyszgAJz9oxarDG3RrTLhxVWyraTzLqfgQYeQMex2cT?filename=95.jpg
132,0,yes,160265,160333,/ipfs/QmU4WS1BtYKVDyhCfbSxRo87vjtDVuFC2oxJtRnahe41db?filename=96.jpg
133,0,yes,160772,160840,/ipfs/QmQbmXEir1FNF3ArfsRwETRML1mwr5gLpyH59aiL9vhBCm?filename=97.jpg
134,0,yes,161279,161347,/ipfs/QmRPkFBgvSaP2wwou93kVfQZvxRiVyUkKAMHSDDPNExfeb?filename=98.jpg
135,0,yes,161786,161854,/ipfs/QmdtDge5dCPc4ZLafGNgYBs4YmmDv2EiMBG5bTiuTAJT4L?filename=99.jpg